Nodes,MaxSum,MaxMin,Cost,Capacity,Time,Constraint values
3 - 5 - 9 - 14 - 15 - 17 - 20 - 24 - 29 - 35 - 38 - 51 - 52 - 53 - 54 - 61 - 65 - 69 - 75 - 85 - 88 - 93 - 94 - 96 - 97 - 100 - 103 - 111 - 114 - 116 - 117 - 119 - 121 - 126 - 133 - 140 - 142 - 145,83954.0,67.5,19352,16631,0.58,Cost: 19352 & Capacity: 16631
0 - 3 - 6 - 9 - 10 - 12 - 14 - 15 - 17 - 23 - 25 - 29 - 32 - 38 - 45 - 46 - 47 - 51 - 52 - 54 - 61 - 63 - 69 - 72 - 75 - 91 - 93 - 94 - 96 - 97 - 100 - 111 - 114 - 117 - 119 - 130 - 140,79710.8,67.6,19010,16714,1.81,Cost: 19010 & Capacity: 16714
2 - 3 - 7 - 9 - 10 - 14 - 15 - 20 - 24 - 25 - 27 - 29 - 30 - 32 - 38 - 44 - 45 - 46 - 47 - 54 - 56 - 57 - 58 - 60 - 61 - 65 - 69 - 71 - 75 - 77 - 81 - 82 - 84 - 88 - 89 - 91 - 93 - 94 - 97 - 100 - 106 - 107 - 108 - 109 - 112 - 119 - 120 - 122 - 124 - 128 - 129 - 131 - 132 - 133 - 134 - 136 - 137 - 140 - 141 - 142 - 145 - 149,209148.1,43.2,19598,20815,0.27,Cost: 19598 & Capacity: 20815
2 - 3 - 7 - 9 - 10 - 14 - 15 - 19 - 20 - 24 - 27 - 28 - 29 - 30 - 32 - 38 - 44 - 45 - 46 - 47 - 54 - 56 - 57 - 58 - 60 - 65 - 69 - 71 - 75 - 77 - 82 - 89 - 91 - 93 - 94 - 97 - 100 - 106 - 107 - 108 - 109 - 112 - 114 - 117 - 119 - 120 - 122 - 124 - 128 - 129 - 131 - 132 - 134 - 136 - 137 - 140 - 141 - 142 - 145 - 149,194455.2,46.1,19644,19929,0.77,Cost: 19644 & Capacity: 19929
3 - 6 - 14 - 15 - 17 - 20 - 23 - 31 - 33 - 47 - 51 - 52 - 56 - 61 - 65 - 85 - 87 - 88 - 91 - 93 - 96 - 102 - 107 - 114 - 117 - 119 - 120 - 121 - 129 - 133 - 140 - 148,61294.4,71.2,19363,15806,0.86,Cost: 19363 & Capacity: 15806
3 - 6 - 7 - 9 - 14 - 20 - 30 - 31 - 38 - 45 - 46 - 47 - 51 - 54 - 56 - 57 - 61 - 65 - 71 - 72 - 73 - 75 - 77 - 81 - 85 - 88 - 91 - 93 - 94 - 96 - 97 - 107 - 109 - 112 - 114 - 117 - 119 - 120 - 126 - 128 - 136 - 137 - 140 - 145 - 146 - 149,120971.5,61.3,19610,16907,1.12,Cost: 19610 & Capacity: 16907
1 - 3 - 5 - 6 - 11 - 12 - 14 - 15 - 20 - 29 - 35 - 38 - 44 - 47 - 51 - 52 - 61 - 65 - 69 - 91 - 93 - 94 - 96 - 97 - 100 - 103 - 107 - 114 - 119 - 124 - 131 - 143,60416.2,72.8,18432,15820,1.25,Cost: 18432 & Capacity: 15820
3 - 5 - 9 - 14 - 15 - 17 - 20 - 23 - 24 - 25 - 29 - 30 - 31 - 38 - 45 - 46 - 47 - 51 - 52 - 54 - 61 - 65 - 69 - 72 - 76 - 77 - 81 - 85 - 91 - 93 - 94 - 96 - 97 - 106 - 107 - 109 - 111 - 119 - 121 - 126 - 131 - 137 - 140 - 142 - 145,117637.7,64.8,19563,17907,1.54,Cost: 19563 & Capacity: 17907
3 - 7 - 9 - 10 - 14 - 15 - 17 - 20 - 24 - 25 - 29 - 30 - 38 - 45 - 47 - 54 - 56 - 58 - 60 - 65 - 69 - 71 - 72 - 75 - 77 - 82 - 88 - 91 - 93 - 94 - 96 - 97 - 100 - 106 - 107 - 108 - 109 - 112 - 114 - 117 - 119 - 120 - 121 - 122 - 124 - 129 - 131 - 133 - 134 - 136 - 137 - 140 - 141 - 142 - 145 - 149,176257.7,48.6,19602,18764,1.73,Cost: 19602 & Capacity: 18764
2 - 7 - 9 - 10 - 14 - 15 - 17 - 20 - 24 - 25 - 27 - 29 - 30 - 32 - 33 - 38 - 44 - 45 - 47 - 52 - 54 - 56 - 57 - 58 - 60 - 61 - 64 - 65 - 69 - 71 - 75 - 77 - 81 - 82 - 84 - 89 - 91 - 93 - 94 - 97 - 100 - 106 - 108 - 109 - 110 - 112 - 117 - 119 - 120 - 122 - 124 - 128 - 129 - 131 - 132 - 133 - 134 - 136 - 137 - 140 - 141 - 142 - 145 - 146 - 149,227134.1,29.9,19608,21402,1.86,Cost: 19608 & Capacity: 21402
2 - 7 - 9 - 10 - 14 - 15 - 17 - 20 - 24 - 25 - 27 - 29 - 30 - 32 - 33 - 38 - 44 - 45 - 47 - 52 - 54 - 56 - 57 - 58 - 60 - 61 - 64 - 65 - 69 - 71 - 75 - 77 - 81 - 82 - 84 - 89 - 91 - 93 - 94 - 97 - 100 - 106 - 108 - 109 - 110 - 112 - 117 - 119 - 120 - 122 - 124 - 128 - 129 - 131 - 132 - 133 - 134 - 136 - 137 - 140 - 141 - 142 - 145 - 146 - 149,227134.1,29.9,19608,21402,2.36,Cost: 19608 & Capacity: 21402
2 - 3 - 7 - 9 - 10 - 14 - 15 - 19 - 20 - 24 - 29 - 30 - 38 - 40 - 45 - 46 - 47 - 54 - 56 - 57 - 58 - 60 - 65 - 69 - 71 - 75 - 77 - 82 - 84 - 88 - 89 - 91 - 93 - 94 - 97 - 100 - 106 - 107 - 108 - 109 - 112 - 117 - 119 - 120 - 122 - 124 - 126 - 128 - 129 - 131 - 132 - 134 - 136 - 137 - 140 - 141 - 142 - 145 - 149,190112.7,48.3,19613,20151,2.64,Cost: 19613 & Capacity: 20151
2 - 7 - 9 - 10 - 14 - 15 - 17 - 20 - 24 - 25 - 27 - 29 - 30 - 32 - 33 - 38 - 44 - 45 - 47 - 52 - 54 - 56 - 57 - 58 - 60 - 61 - 64 - 65 - 69 - 71 - 75 - 77 - 81 - 82 - 84 - 89 - 91 - 93 - 94 - 97 - 100 - 106 - 108 - 109 - 110 - 112 - 117 - 119 - 120 - 122 - 124 - 128 - 129 - 131 - 132 - 133 - 134 - 136 - 137 - 140 - 141 - 142 - 145 - 146 - 149,227134.1,29.9,19608,21402,2.66,Cost: 19608 & Capacity: 21402
2 - 7 - 9 - 10 - 14 - 15 - 17 - 20 - 24 - 25 - 29 - 30 - 32 - 33 - 38 - 44 - 45 - 46 - 47 - 52 - 54 - 56 - 57 - 58 - 60 - 61 - 64 - 65 - 69 - 71 - 75 - 77 - 81 - 82 - 84 - 89 - 91 - 93 - 94 - 97 - 100 - 106 - 108 - 109 - 110 - 112 - 117 - 119 - 120 - 122 - 124 - 128 - 129 - 131 - 132 - 133 - 134 - 136 - 137 - 140 - 141 - 142 - 145 - 146 - 149,227426.7,29.9,19645,21250,2.76,Cost: 19645 & Capacity: 21250
2 - 3 - 7 - 9 - 10 - 14 - 15 - 17 - 20 - 24 - 25 - 27 - 29 - 30 - 32 - 33 - 38 - 44 - 45 - 46 - 47 - 52 - 54 - 56 - 57 - 58 - 60 - 61 - 64 - 65 - 69 - 71 - 75 - 77 - 81 - 82 - 84 - 89 - 91 - 93 - 94 - 97 - 100 - 106 - 108 - 109 - 110 - 112 - 115 - 119 - 120 - 122 - 128 - 129 - 131 - 132 - 133 - 136 - 137 - 140 - 141 - 142 - 145 - 146 - 149,228105.6,29.9,19636,20828,3.03,Cost: 19636 & Capacity: 20828
2 - 7 - 9 - 10 - 14 - 15 - 17 - 20 - 24 - 25 - 27 - 29 - 30 - 32 - 33 - 38 - 44 - 45 - 47 - 52 - 54 - 56 - 57 - 58 - 60 - 61 - 64 - 65 - 69 - 71 - 75 - 77 - 81 - 82 - 84 - 89 - 91 - 93 - 94 - 97 - 100 - 106 - 108 - 109 - 110 - 112 - 117 - 119 - 120 - 122 - 124 - 128 - 129 - 131 - 132 - 133 - 134 - 136 - 137 - 140 - 141 - 142 - 145 - 146 - 149,227134.1,29.9,19608,21402,3.07,Cost: 19608 & Capacity: 21402
3 - 9 - 13 - 14 - 15 - 20 - 23 - 25 - 30 - 33 - 38 - 46 - 47 - 51 - 52 - 61 - 65 - 69 - 70 - 72 - 77 - 80 - 85 - 88 - 91 - 94 - 96 - 109 - 111 - 114 - 117 - 119 - 121 - 128 - 137 - 140 - 142 - 143,84346.4,67.2,19435,16199,3.18,Cost: 19435 & Capacity: 16199
2 - 7 - 9 - 10 - 14 - 15 - 17 - 20 - 24 - 25 - 27 - 28 - 29 - 30 - 32 - 33 - 38 - 44 - 45 - 46 - 47 - 52 - 54 - 56 - 57 - 58 - 60 - 61 - 64 - 65 - 69 - 71 - 75 - 77 - 82 - 84 - 89 - 91 - 93 - 94 - 97 - 100 - 106 - 108 - 109 - 110 - 112 - 119 - 120 - 122 - 124 - 128 - 129 - 131 - 132 - 133 - 134 - 136 - 137 - 140 - 141 - 142 - 145 - 146 - 149,227450.9,29.9,19641,20690,3.21,Cost: 19641 & Capacity: 20690
2 - 7 - 9 - 10 - 14 - 15 - 17 - 20 - 24 - 25 - 27 - 29 - 30 - 32 - 33 - 38 - 44 - 45 - 47 - 52 - 54 - 56 - 57 - 58 - 60 - 61 - 64 - 65 - 69 - 71 - 75 - 77 - 81 - 82 - 84 - 89 - 91 - 93 - 94 - 97 - 100 - 106 - 108 - 109 - 110 - 112 - 117 - 119 - 120 - 122 - 124 - 128 - 129 - 131 - 132 - 133 - 134 - 136 - 137 - 140 - 141 - 142 - 145 - 146 - 149,227134.1,29.9,19608,21402,3.31,Cost: 19608 & Capacity: 21402
2 - 7 - 9 - 10 - 14 - 15 - 17 - 20 - 24 - 25 - 27 - 29 - 30 - 32 - 33 - 38 - 44 - 45 - 47 - 52 - 54 - 56 - 57 - 58 - 60 - 61 - 64 - 65 - 69 - 71 - 75 - 77 - 81 - 82 - 84 - 89 - 91 - 93 - 94 - 97 - 100 - 106 - 108 - 109 - 110 - 112 - 117 - 119 - 120 - 122 - 124 - 128 - 129 - 131 - 132 - 133 - 134 - 136 - 137 - 140 - 141 - 142 - 145 - 146 - 149,227134.1,29.9,19608,21402,3.31,Cost: 19608 & Capacity: 21402
2 - 7 - 9 - 10 - 14 - 15 - 17 - 20 - 24 - 25 - 27 - 28 - 29 - 30 - 32 - 33 - 38 - 44 - 45 - 46 - 47 - 52 - 54 - 56 - 57 - 58 - 60 - 61 - 64 - 65 - 69 - 71 - 75 - 77 - 82 - 84 - 89 - 91 - 93 - 94 - 97 - 100 - 106 - 108 - 109 - 110 - 112 - 119 - 120 - 122 - 124 - 128 - 129 - 131 - 132 - 133 - 134 - 136 - 137 - 140 - 141 - 142 - 145 - 146 - 149,227450.9,29.9,19641,20690,3.43,Cost: 19641 & Capacity: 20690
2 - 7 - 9 - 10 - 14 - 15 - 17 - 20 - 24 - 25 - 27 - 29 - 30 - 32 - 33 - 38 - 44 - 45 - 47 - 52 - 54 - 56 - 57 - 58 - 60 - 61 - 64 - 65 - 69 - 71 - 75 - 77 - 81 - 82 - 84 - 89 - 91 - 93 - 94 - 97 - 100 - 106 - 108 - 109 - 110 - 112 - 117 - 119 - 120 - 122 - 124 - 128 - 129 - 131 - 132 - 133 - 134 - 136 - 137 - 140 - 141 - 142 - 145 - 146 - 149,227134.1,29.9,19608,21402,3.49,Cost: 19608 & Capacity: 21402
2 - 7 - 9 - 10 - 14 - 15 - 17 - 20 - 24 - 25 - 27 - 29 - 30 - 32 - 33 - 38 - 44 - 45 - 47 - 52 - 54 - 56 - 57 - 58 - 60 - 61 - 64 - 65 - 69 - 71 - 75 - 77 - 81 - 82 - 84 - 89 - 91 - 93 - 94 - 97 - 100 - 106 - 108 - 109 - 110 - 112 - 117 - 119 - 120 - 122 - 124 - 128 - 129 - 131 - 132 - 133 - 134 - 136 - 137 - 140 - 141 - 142 - 145 - 146 - 149,227134.1,29.9,19608,21402,3.65,Cost: 19608 & Capacity: 21402
2 - 3 - 7 - 9 - 10 - 14 - 15 - 20 - 24 - 25 - 29 - 30 - 32 - 33 - 38 - 44 - 45 - 46 - 47 - 52 - 54 - 56 - 57 - 58 - 60 - 61 - 64 - 65 - 69 - 71 - 75 - 77 - 81 - 82 - 89 - 91 - 93 - 94 - 96 - 97 - 100 - 106 - 108 - 109 - 110 - 112 - 119 - 120 - 122 - 124 - 128 - 129 - 131 - 132 - 133 - 134 - 136 - 137 - 140 - 141 - 142 - 145 - 146 - 149,222505.8,35.4,19617,20558,3.77,Cost: 19617 & Capacity: 20558
2 - 3 - 7 - 9 - 10 - 14 - 15 - 20 - 24 - 25 - 29 - 30 - 32 - 33 - 38 - 44 - 45 - 46 - 47 - 52 - 54 - 56 - 57 - 58 - 60 - 61 - 64 - 65 - 69 - 71 - 75 - 77 - 81 - 82 - 89 - 91 - 93 - 94 - 96 - 97 - 100 - 106 - 108 - 109 - 110 - 112 - 119 - 120 - 122 - 124 - 128 - 129 - 131 - 132 - 133 - 134 - 136 - 137 - 140 - 141 - 142 - 145 - 146 - 149,222505.8,35.4,19617,20558,3.78,Cost: 19617 & Capacity: 20558
2 - 7 - 9 - 10 - 14 - 15 - 17 - 20 - 24 - 25 - 27 - 29 - 30 - 32 - 33 - 38 - 44 - 45 - 47 - 52 - 54 - 56 - 57 - 58 - 60 - 61 - 64 - 65 - 69 - 71 - 75 - 77 - 81 - 82 - 84 - 89 - 91 - 93 - 94 - 97 - 100 - 106 - 108 - 109 - 110 - 112 - 117 - 119 - 120 - 122 - 124 - 128 - 129 - 131 - 132 - 133 - 134 - 136 - 137 - 140 - 141 - 142 - 145 - 146 - 149,227134.1,29.9,19608,21402,3.79,Cost: 19608 & Capacity: 21402
2 - 7 - 9 - 10 - 14 - 15 - 17 - 20 - 24 - 25 - 27 - 29 - 30 - 32 - 33 - 38 - 44 - 45 - 47 - 52 - 54 - 56 - 57 - 58 - 60 - 61 - 64 - 65 - 69 - 71 - 75 - 77 - 81 - 82 - 84 - 89 - 91 - 93 - 94 - 97 - 100 - 106 - 108 - 109 - 110 - 112 - 117 - 119 - 120 - 122 - 124 - 128 - 129 - 131 - 132 - 133 - 134 - 136 - 137 - 140 - 141 - 142 - 145 - 146 - 149,227134.1,29.9,19608,21402,3.9,Cost: 19608 & Capacity: 21402
2 - 9 - 10 - 14 - 15 - 20 - 24 - 25 - 27 - 28 - 29 - 30 - 32 - 33 - 38 - 44 - 45 - 46 - 52 - 54 - 56 - 57 - 58 - 60 - 61 - 64 - 65 - 69 - 71 - 75 - 77 - 81 - 82 - 84 - 89 - 91 - 93 - 94 - 97 - 100 - 106 - 108 - 109 - 110 - 112 - 115 - 119 - 120 - 122 - 124 - 128 - 129 - 131 - 132 - 133 - 134 - 136 - 137 - 140 - 141 - 142 - 145 - 146 - 149,218479.3,36.7,19642,21110,3.9,Cost: 19642 & Capacity: 21110
5 - 6 - 9 - 12 - 14 - 15 - 20 - 24 - 25 - 29 - 38 - 41 - 47 - 51 - 52 - 61 - 65 - 69 - 70 - 72 - 81 - 85 - 93 - 94 - 96 - 100 - 114 - 119 - 128 - 130 - 131 - 137 - 144 - 145,67882.2,70.8,19433,15991,4.02,Cost: 19433 & Capacity: 15991
2 - 7 - 9 - 10 - 14 - 15 - 17 - 20 - 24 - 25 - 27 - 29 - 30 - 32 - 33 - 38 - 44 - 45 - 47 - 52 - 54 - 56 - 57 - 58 - 60 - 61 - 64 - 65 - 69 - 71 - 75 - 77 - 81 - 82 - 84 - 89 - 91 - 93 - 94 - 97 - 100 - 106 - 108 - 109 - 110 - 112 - 117 - 119 - 120 - 122 - 124 - 128 - 129 - 131 - 132 - 133 - 134 - 136 - 137 - 140 - 141 - 142 - 145 - 146 - 149,227134.1,29.9,19608,21402,4.04,Cost: 19608 & Capacity: 21402
2 - 3 - 7 - 9 - 10 - 12 - 14 - 15 - 19 - 20 - 29 - 30 - 36 - 38 - 40 - 45 - 46 - 47 - 54 - 56 - 57 - 58 - 60 - 69 - 71 - 75 - 77 - 78 - 82 - 88 - 89 - 91 - 93 - 94 - 97 - 100 - 106 - 107 - 108 - 109 - 112 - 114 - 119 - 120 - 124 - 128 - 131 - 132 - 134 - 136 - 137 - 140 - 142 - 145 - 149,164922.7,50.3,19519,19509,4.06,Cost: 19519 & Capacity: 19509
2 - 3 - 7 - 9 - 14 - 15 - 19 - 20 - 29 - 30 - 31 - 36 - 38 - 40 - 45 - 46 - 47 - 54 - 56 - 57 - 58 - 60 - 69 - 71 - 75 - 76 - 77 - 78 - 81 - 82 - 88 - 89 - 91 - 93 - 94 - 97 - 106 - 107 - 108 - 109 - 112 - 114 - 119 - 120 - 124 - 128 - 131 - 132 - 134 - 136 - 137 - 140 - 142 - 145 - 149,162728.4,53.5,19537,19859,4.06,Cost: 19537 & Capacity: 19859
2 - 7 - 9 - 10 - 14 - 15 - 17 - 20 - 24 - 25 - 27 - 29 - 30 - 32 - 33 - 38 - 44 - 45 - 47 - 52 - 54 - 56 - 57 - 58 - 60 - 61 - 64 - 65 - 69 - 71 - 75 - 77 - 81 - 82 - 84 - 89 - 91 - 93 - 94 - 97 - 100 - 106 - 108 - 109 - 110 - 112 - 117 - 119 - 120 - 122 - 124 - 128 - 129 - 131 - 132 - 133 - 134 - 136 - 137 - 140 - 141 - 142 - 145 - 146 - 149,227134.1,29.9,19608,21402,4.08,Cost: 19608 & Capacity: 21402
3 - 7 - 9 - 14 - 20 - 25 - 29 - 30 - 31 - 38 - 45 - 46 - 47 - 51 - 54 - 56 - 61 - 65 - 69 - 71 - 72 - 75 - 77 - 88 - 89 - 91 - 93 - 94 - 95 - 96 - 97 - 106 - 107 - 109 - 112 - 114 - 117 - 119 - 120 - 126 - 128 - 131 - 134 - 136 - 137 - 140 - 141 - 142 - 145 - 149,142951.2,55.3,19636,16793,4.3,Cost: 19636 & Capacity: 16793
3 - 6 - 9 - 14 - 20 - 25 - 29 - 30 - 31 - 38 - 45 - 46 - 47 - 52 - 54 - 56 - 60 - 71 - 72 - 75 - 77 - 82 - 88 - 89 - 91 - 93 - 94 - 96 - 97 - 101 - 106 - 107 - 108 - 109 - 112 - 114 - 119 - 120 - 121 - 128 - 131 - 132 - 134 - 135 - 136 - 137 - 140 - 145 - 149,135097.3,57.7,19382,17015,4.38,Cost: 19382 & Capacity: 17015
2 - 3 - 7 - 9 - 10 - 14 - 15 - 17 - 20 - 24 - 25 - 27 - 28 - 29 - 30 - 32 - 33 - 38 - 44 - 45 - 47 - 52 - 54 - 56 - 57 - 58 - 60 - 61 - 64 - 65 - 69 - 71 - 75 - 77 - 81 - 82 - 84 - 89 - 91 - 93 - 94 - 97 - 100 - 106 - 108 - 109 - 110 - 112 - 119 - 120 - 122 - 128 - 129 - 131 - 132 - 133 - 134 - 136 - 137 - 140 - 141 - 142 - 145 - 146 - 149,227593.2,29.9,19630,20904,4.49,Cost: 19630 & Capacity: 20904
2 - 3 - 7 - 9 - 10 - 14 - 15 - 17 - 20 - 24 - 25 - 27 - 28 - 29 - 30 - 32 - 33 - 38 - 44 - 45 - 47 - 52 - 54 - 56 - 57 - 58 - 60 - 61 - 64 - 65 - 69 - 71 - 75 - 77 - 81 - 82 - 84 - 89 - 91 - 93 - 94 - 97 - 100 - 106 - 108 - 109 - 110 - 112 - 119 - 120 - 122 - 128 - 129 - 131 - 132 - 133 - 134 - 136 - 137 - 140 - 141 - 142 - 145 - 146 - 149,227593.2,29.9,19630,20904,4.69,Cost: 19630 & Capacity: 20904
2 - 3 - 7 - 9 - 10 - 14 - 15 - 17 - 20 - 24 - 25 - 27 - 28 - 29 - 30 - 32 - 33 - 38 - 44 - 45 - 47 - 52 - 54 - 56 - 57 - 58 - 60 - 61 - 64 - 65 - 69 - 71 - 75 - 77 - 81 - 82 - 84 - 89 - 91 - 93 - 94 - 97 - 100 - 106 - 108 - 109 - 110 - 112 - 119 - 120 - 122 - 128 - 129 - 131 - 132 - 133 - 134 - 136 - 137 - 140 - 141 - 142 - 145 - 146 - 149,227593.2,29.9,19630,20904,4.7,Cost: 19630 & Capacity: 20904
2 - 3 - 7 - 9 - 14 - 19 - 20 - 25 - 29 - 30 - 31 - 36 - 38 - 45 - 46 - 47 - 54 - 56 - 58 - 60 - 69 - 71 - 72 - 75 - 77 - 78 - 81 - 82 - 88 - 89 - 91 - 93 - 94 - 97 - 106 - 107 - 108 - 109 - 112 - 114 - 117 - 119 - 120 - 124 - 128 - 131 - 134 - 135 - 136 - 137 - 140 - 142 - 145 - 149,158992.9,53.7,19647,18924,4.79,Cost: 19647 & Capacity: 18924
2 - 7 - 9 - 10 - 14 - 15 - 17 - 20 - 24 - 25 - 27 - 29 - 30 - 32 - 33 - 38 - 44 - 45 - 47 - 52 - 54 - 56 - 57 - 58 - 60 - 61 - 64 - 65 - 69 - 71 - 75 - 77 - 81 - 82 - 84 - 89 - 91 - 93 - 94 - 97 - 100 - 106 - 108 - 109 - 110 - 112 - 117 - 119 - 120 - 122 - 124 - 128 - 129 - 131 - 132 - 133 - 134 - 136 - 137 - 140 - 141 - 142 - 145 - 146 - 149,227134.1,29.9,19608,21402,4.89,Cost: 19608 & Capacity: 21402
2 - 7 - 9 - 10 - 14 - 15 - 17 - 20 - 24 - 25 - 27 - 29 - 30 - 32 - 33 - 38 - 44 - 45 - 47 - 52 - 54 - 56 - 57 - 58 - 60 - 61 - 64 - 65 - 69 - 71 - 75 - 77 - 81 - 82 - 84 - 89 - 91 - 93 - 94 - 97 - 100 - 106 - 108 - 109 - 110 - 112 - 117 - 119 - 120 - 122 - 124 - 128 - 129 - 131 - 132 - 133 - 134 - 136 - 137 - 140 - 141 - 142 - 145 - 146 - 149,227134.1,29.9,19608,21402,5.32,Cost: 19608 & Capacity: 21402
2 - 9 - 10 - 14 - 15 - 20 - 21 - 24 - 25 - 27 - 28 - 29 - 30 - 32 - 33 - 38 - 44 - 45 - 46 - 52 - 54 - 56 - 57 - 58 - 60 - 61 - 64 - 65 - 69 - 71 - 75 - 77 - 81 - 82 - 84 - 89 - 91 - 93 - 94 - 97 - 100 - 105 - 106 - 108 - 109 - 110 - 112 - 115 - 119 - 120 - 122 - 128 - 129 - 131 - 132 - 133 - 134 - 136 - 137 - 140 - 141 - 142 - 145 - 149,216490.8,37.0,19620,20886,5.36,Cost: 19620 & Capacity: 20886
2 - 7 - 9 - 10 - 14 - 15 - 17 - 20 - 24 - 25 - 27 - 29 - 30 - 32 - 33 - 38 - 44 - 45 - 47 - 52 - 54 - 56 - 57 - 58 - 60 - 61 - 64 - 65 - 69 - 71 - 75 - 77 - 81 - 82 - 84 - 89 - 91 - 93 - 94 - 97 - 100 - 106 - 108 - 109 - 110 - 112 - 117 - 119 - 120 - 122 - 124 - 128 - 129 - 131 - 132 - 133 - 134 - 136 - 137 - 140 - 141 - 142 - 145 - 146 - 149,227134.1,29.9,19608,21402,5.46,Cost: 19608 & Capacity: 21402
2 - 7 - 9 - 10 - 14 - 15 - 17 - 20 - 24 - 25 - 27 - 29 - 30 - 32 - 33 - 38 - 44 - 45 - 47 - 52 - 54 - 56 - 57 - 58 - 60 - 61 - 64 - 65 - 69 - 71 - 75 - 77 - 81 - 82 - 84 - 89 - 91 - 93 - 94 - 97 - 100 - 106 - 108 - 109 - 110 - 112 - 117 - 119 - 120 - 122 - 124 - 128 - 129 - 131 - 132 - 133 - 134 - 136 - 137 - 140 - 141 - 142 - 145 - 146 - 149,227134.1,29.9,19608,21402,5.91,Cost: 19608 & Capacity: 21402
2 - 7 - 9 - 10 - 14 - 15 - 17 - 20 - 24 - 25 - 27 - 29 - 30 - 32 - 33 - 38 - 44 - 45 - 47 - 52 - 54 - 56 - 57 - 58 - 60 - 61 - 64 - 65 - 69 - 71 - 75 - 77 - 81 - 82 - 84 - 89 - 91 - 93 - 94 - 97 - 100 - 106 - 108 - 109 - 110 - 112 - 117 - 119 - 120 - 122 - 124 - 128 - 129 - 131 - 132 - 133 - 134 - 136 - 137 - 140 - 141 - 142 - 145 - 146 - 149,227134.1,29.9,19608,21402,5.92,Cost: 19608 & Capacity: 21402
2 - 7 - 9 - 10 - 14 - 15 - 17 - 20 - 24 - 25 - 27 - 29 - 30 - 32 - 33 - 38 - 44 - 45 - 47 - 52 - 54 - 56 - 57 - 58 - 60 - 61 - 64 - 65 - 69 - 71 - 75 - 77 - 81 - 82 - 84 - 89 - 91 - 93 - 94 - 97 - 100 - 106 - 108 - 109 - 110 - 112 - 117 - 119 - 120 - 122 - 124 - 128 - 129 - 131 - 132 - 133 - 134 - 136 - 137 - 140 - 141 - 142 - 145 - 146 - 149,227134.1,29.9,19608,21402,6.15,Cost: 19608 & Capacity: 21402
2 - 3 - 7 - 9 - 10 - 14 - 15 - 17 - 20 - 24 - 25 - 27 - 28 - 29 - 30 - 32 - 33 - 38 - 44 - 45 - 47 - 52 - 54 - 56 - 57 - 58 - 60 - 61 - 64 - 65 - 69 - 71 - 75 - 77 - 81 - 82 - 84 - 89 - 91 - 93 - 94 - 97 - 100 - 106 - 108 - 109 - 110 - 112 - 119 - 120 - 122 - 128 - 129 - 131 - 132 - 133 - 134 - 136 - 137 - 140 - 141 - 142 - 145 - 146 - 149,227593.2,29.9,19630,20904,6.33,Cost: 19630 & Capacity: 20904
2 - 7 - 9 - 10 - 14 - 15 - 17 - 20 - 24 - 25 - 27 - 28 - 29 - 30 - 32 - 33 - 38 - 44 - 45 - 46 - 47 - 52 - 54 - 56 - 57 - 58 - 60 - 61 - 64 - 65 - 69 - 71 - 75 - 77 - 82 - 84 - 89 - 91 - 93 - 94 - 97 - 100 - 106 - 108 - 109 - 110 - 112 - 119 - 120 - 122 - 124 - 128 - 129 - 131 - 132 - 133 - 134 - 136 - 137 - 140 - 141 - 142 - 145 - 146 - 149,227450.9,29.9,19641,20690,6.38,Cost: 19641 & Capacity: 20690
2 - 3 - 6 - 9 - 14 - 15 - 20 - 21 - 29 - 30 - 36 - 38 - 40 - 45 - 46 - 47 - 52 - 54 - 56 - 57 - 58 - 65 - 69 - 71 - 72 - 75 - 77 - 82 - 88 - 89 - 91 - 93 - 94 - 97 - 106 - 107 - 108 - 109 - 112 - 114 - 119 - 120 - 124 - 128 - 131 - 132 - 134 - 137 - 140 - 141 - 142 - 145 - 149,155786.9,54.0,19624,18850,6.4,Cost: 19624 & Capacity: 18850
2 - 3 - 7 - 9 - 10 - 14 - 15 - 17 - 20 - 24 - 25 - 27 - 28 - 29 - 30 - 32 - 33 - 38 - 44 - 45 - 47 - 52 - 54 - 56 - 57 - 58 - 60 - 61 - 64 - 65 - 69 - 71 - 75 - 77 - 81 - 82 - 84 - 89 - 91 - 93 - 94 - 97 - 100 - 106 - 108 - 109 - 110 - 112 - 119 - 120 - 122 - 128 - 129 - 131 - 132 - 133 - 134 - 136 - 137 - 140 - 141 - 142 - 145 - 146 - 149,227593.2,29.9,19630,20904,6.54,Cost: 19630 & Capacity: 20904
3 - 5 - 6 - 9 - 14 - 15 - 17 - 18 - 19 - 20 - 24 - 25 - 31 - 38 - 44 - 45 - 46 - 47 - 49 - 51 - 52 - 54 - 56 - 61 - 65 - 68 - 72 - 85 - 88 - 91 - 93 - 96 - 97 - 109 - 114 - 117 - 119 - 131 - 137 - 145,93434.5,65.3,19565,15931,6.68,Cost: 19565 & Capacity: 15931
2 - 3 - 7 - 9 - 10 - 14 - 15 - 20 - 21 - 24 - 25 - 27 - 29 - 30 - 32 - 38 - 44 - 45 - 46 - 47 - 54 - 56 - 57 - 58 - 60 - 65 - 69 - 71 - 75 - 77 - 81 - 82 - 84 - 88 - 89 - 91 - 93 - 94 - 97 - 100 - 106 - 107 - 108 - 109 - 112 - 119 - 120 - 122 - 124 - 128 - 129 - 131 - 132 - 133 - 134 - 136 - 137 - 140 - 141 - 142 - 145 - 149,207376.1,43.4,19630,20626,6.85,Cost: 19630 & Capacity: 20626
2 - 7 - 9 - 10 - 14 - 15 - 17 - 20 - 24 - 25 - 27 - 29 - 30 - 32 - 33 - 38 - 44 - 45 - 47 - 52 - 54 - 56 - 57 - 58 - 60 - 61 - 64 - 65 - 69 - 71 - 75 - 77 - 81 - 82 - 84 - 89 - 91 - 93 - 94 - 97 - 100 - 106 - 108 - 109 - 110 - 112 - 117 - 119 - 120 - 122 - 124 - 128 - 129 - 131 - 132 - 133 - 134 - 136 - 137 - 140 - 141 - 142 - 145 - 146 - 149,227134.1,29.9,19608,21402,6.87,Cost: 19608 & Capacity: 21402
2 - 7 - 9 - 10 - 14 - 15 - 17 - 20 - 24 - 25 - 29 - 30 - 32 - 33 - 38 - 44 - 45 - 46 - 47 - 52 - 54 - 56 - 57 - 58 - 60 - 61 - 64 - 65 - 69 - 71 - 75 - 77 - 81 - 82 - 84 - 89 - 91 - 93 - 94 - 97 - 100 - 106 - 108 - 109 - 110 - 112 - 117 - 119 - 120 - 122 - 124 - 128 - 129 - 131 - 132 - 133 - 134 - 136 - 137 - 140 - 141 - 142 - 145 - 146 - 149,227426.7,29.9,19645,21250,6.99,Cost: 19645 & Capacity: 21250
2 - 3 - 7 - 9 - 10 - 14 - 15 - 20 - 24 - 25 - 29 - 30 - 32 - 33 - 38 - 44 - 45 - 46 - 47 - 52 - 54 - 56 - 57 - 58 - 60 - 61 - 64 - 65 - 69 - 71 - 75 - 77 - 81 - 82 - 89 - 91 - 93 - 94 - 96 - 97 - 100 - 106 - 108 - 109 - 110 - 112 - 119 - 120 - 122 - 124 - 128 - 129 - 131 - 132 - 133 - 134 - 136 - 137 - 140 - 141 - 142 - 145 - 146 - 149,222505.8,35.4,19617,20558,7.19,Cost: 19617 & Capacity: 20558
2 - 7 - 9 - 10 - 14 - 15 - 17 - 20 - 24 - 25 - 27 - 28 - 29 - 30 - 32 - 33 - 38 - 44 - 45 - 46 - 47 - 52 - 54 - 56 - 57 - 58 - 60 - 61 - 64 - 65 - 69 - 71 - 75 - 77 - 82 - 84 - 89 - 91 - 93 - 94 - 97 - 100 - 106 - 108 - 109 - 110 - 112 - 119 - 120 - 122 - 124 - 128 - 129 - 131 - 132 - 133 - 134 - 136 - 137 - 140 - 141 - 142 - 145 - 146 - 149,227450.9,29.9,19641,20690,7.3,Cost: 19641 & Capacity: 20690
2 - 3 - 6 - 9 - 14 - 20 - 29 - 30 - 31 - 38 - 40 - 45 - 46 - 47 - 52 - 54 - 56 - 57 - 61 - 65 - 71 - 72 - 75 - 77 - 80 - 81 - 82 - 88 - 89 - 91 - 93 - 94 - 95 - 97 - 107 - 109 - 114 - 117 - 119 - 126 - 128 - 131 - 134 - 136 - 137 - 140 - 145 - 149,129792.8,59.1,19640,17147,7.32,Cost: 19640 & Capacity: 17147
2 - 3 - 7 - 9 - 10 - 14 - 15 - 17 - 20 - 24 - 25 - 27 - 28 - 29 - 30 - 32 - 33 - 38 - 44 - 45 - 47 - 52 - 54 - 56 - 57 - 58 - 60 - 61 - 64 - 65 - 69 - 71 - 75 - 77 - 81 - 82 - 84 - 89 - 91 - 93 - 94 - 97 - 100 - 106 - 108 - 109 - 110 - 112 - 119 - 120 - 122 - 128 - 129 - 131 - 132 - 133 - 134 - 136 - 137 - 140 - 141 - 142 - 145 - 146 - 149,227593.2,29.9,19630,20904,7.44,Cost: 19630 & Capacity: 20904
2 - 7 - 9 - 10 - 14 - 15 - 17 - 20 - 24 - 25 - 27 - 29 - 30 - 32 - 33 - 38 - 44 - 45 - 47 - 52 - 54 - 56 - 57 - 58 - 60 - 61 - 64 - 65 - 69 - 71 - 75 - 77 - 81 - 82 - 84 - 89 - 91 - 93 - 94 - 97 - 100 - 106 - 108 - 109 - 110 - 112 - 117 - 119 - 120 - 122 - 124 - 128 - 129 - 131 - 132 - 133 - 134 - 136 - 137 - 140 - 141 - 142 - 145 - 146 - 149,227134.1,29.9,19608,21402,7.45,Cost: 19608 & Capacity: 21402
2 - 7 - 9 - 10 - 14 - 15 - 17 - 20 - 24 - 25 - 27 - 29 - 30 - 32 - 33 - 38 - 44 - 45 - 47 - 52 - 54 - 56 - 57 - 58 - 60 - 61 - 64 - 65 - 69 - 71 - 75 - 77 - 81 - 82 - 84 - 89 - 91 - 93 - 94 - 97 - 100 - 106 - 108 - 109 - 110 - 112 - 117 - 119 - 120 - 122 - 124 - 128 - 129 - 131 - 132 - 133 - 134 - 136 - 137 - 140 - 141 - 142 - 145 - 146 - 149,227134.1,29.9,19608,21402,7.57,Cost: 19608 & Capacity: 21402
2 - 7 - 9 - 10 - 14 - 15 - 17 - 20 - 24 - 25 - 27 - 29 - 30 - 32 - 33 - 38 - 44 - 45 - 47 - 52 - 54 - 56 - 57 - 58 - 60 - 61 - 64 - 65 - 69 - 71 - 75 - 77 - 81 - 82 - 84 - 89 - 91 - 93 - 94 - 97 - 100 - 106 - 108 - 109 - 110 - 112 - 117 - 119 - 120 - 122 - 124 - 128 - 129 - 131 - 132 - 133 - 134 - 136 - 137 - 140 - 141 - 142 - 145 - 146 - 149,227134.1,29.9,19608,21402,7.98,Cost: 19608 & Capacity: 21402
2 - 7 - 9 - 10 - 14 - 15 - 17 - 20 - 24 - 25 - 27 - 29 - 30 - 32 - 33 - 38 - 44 - 45 - 47 - 52 - 54 - 56 - 57 - 58 - 60 - 61 - 64 - 65 - 69 - 71 - 75 - 77 - 81 - 82 - 84 - 89 - 91 - 93 - 94 - 97 - 100 - 106 - 108 - 109 - 110 - 112 - 117 - 119 - 120 - 122 - 124 - 128 - 129 - 131 - 132 - 133 - 134 - 136 - 137 - 140 - 141 - 142 - 145 - 146 - 149,227134.1,29.9,19608,21402,8.34,Cost: 19608 & Capacity: 21402
2 - 9 - 10 - 14 - 15 - 20 - 24 - 25 - 28 - 29 - 30 - 32 - 38 - 44 - 45 - 46 - 47 - 52 - 54 - 56 - 57 - 58 - 60 - 61 - 64 - 65 - 69 - 71 - 75 - 77 - 78 - 81 - 82 - 84 - 89 - 91 - 93 - 94 - 97 - 100 - 106 - 108 - 109 - 110 - 112 - 115 - 117 - 119 - 120 - 122 - 124 - 128 - 129 - 131 - 132 - 134 - 136 - 137 - 140 - 141 - 142 - 145 - 149,210725.0,37.4,19615,21645,8.36,Cost: 19615 & Capacity: 21645
2 - 3 - 7 - 9 - 10 - 14 - 15 - 20 - 24 - 25 - 29 - 30 - 32 - 33 - 38 - 44 - 45 - 46 - 47 - 52 - 54 - 56 - 57 - 58 - 60 - 61 - 64 - 65 - 69 - 71 - 75 - 77 - 81 - 82 - 89 - 91 - 93 - 94 - 96 - 97 - 100 - 106 - 108 - 109 - 110 - 112 - 119 - 120 - 122 - 124 - 128 - 129 - 131 - 132 - 133 - 134 - 136 - 137 - 140 - 141 - 142 - 145 - 146 - 149,222505.8,35.4,19617,20558,8.43,Cost: 19617 & Capacity: 20558
2 - 3 - 7 - 9 - 10 - 14 - 15 - 20 - 24 - 25 - 29 - 30 - 32 - 33 - 38 - 44 - 45 - 46 - 47 - 52 - 54 - 56 - 57 - 58 - 60 - 61 - 64 - 65 - 69 - 71 - 75 - 77 - 81 - 82 - 89 - 91 - 93 - 94 - 96 - 97 - 100 - 106 - 108 - 109 - 110 - 112 - 119 - 120 - 122 - 124 - 128 - 129 - 131 - 132 - 133 - 134 - 136 - 137 - 140 - 141 - 142 - 145 - 146 - 149,222505.8,35.4,19617,20558,8.45,Cost: 19617 & Capacity: 20558
2 - 7 - 9 - 10 - 14 - 15 - 17 - 20 - 24 - 25 - 27 - 28 - 29 - 30 - 32 - 33 - 38 - 44 - 45 - 46 - 47 - 52 - 54 - 56 - 57 - 58 - 60 - 61 - 64 - 65 - 69 - 71 - 75 - 77 - 82 - 84 - 89 - 91 - 93 - 94 - 97 - 100 - 106 - 108 - 109 - 110 - 112 - 119 - 120 - 122 - 124 - 128 - 129 - 131 - 132 - 133 - 134 - 136 - 137 - 140 - 141 - 142 - 145 - 146 - 149,227450.9,29.9,19641,20690,8.46,Cost: 19641 & Capacity: 20690
2 - 7 - 9 - 10 - 14 - 15 - 17 - 20 - 24 - 25 - 27 - 29 - 30 - 32 - 33 - 38 - 44 - 45 - 47 - 52 - 54 - 56 - 57 - 58 - 60 - 61 - 64 - 65 - 69 - 71 - 75 - 77 - 81 - 82 - 84 - 89 - 91 - 93 - 94 - 97 - 100 - 106 - 108 - 109 - 110 - 112 - 117 - 119 - 120 - 122 - 124 - 128 - 129 - 131 - 132 - 133 - 134 - 136 - 137 - 140 - 141 - 142 - 145 - 146 - 149,227134.1,29.9,19608,21402,8.57,Cost: 19608 & Capacity: 21402
3 - 5 - 9 - 14 - 15 - 17 - 20 - 23 - 25 - 29 - 38 - 45 - 47 - 51 - 52 - 54 - 56 - 61 - 65 - 71 - 75 - 76 - 77 - 82 - 85 - 88 - 91 - 92 - 93 - 94 - 96 - 97 - 107 - 109 - 111 - 114 - 117 - 119 - 120 - 126 - 131 - 133 - 137 - 140 - 145 - 149,121572.5,60.8,19350,17854,8.64,Cost: 19350 & Capacity: 17854
2 - 3 - 7 - 9 - 10 - 14 - 15 - 17 - 20 - 24 - 25 - 27 - 28 - 29 - 30 - 32 - 33 - 38 - 44 - 45 - 47 - 52 - 54 - 56 - 57 - 58 - 60 - 61 - 64 - 65 - 69 - 71 - 75 - 77 - 81 - 82 - 84 - 89 - 91 - 93 - 94 - 97 - 100 - 106 - 108 - 109 - 110 - 112 - 119 - 120 - 122 - 128 - 129 - 131 - 132 - 133 - 134 - 136 - 137 - 140 - 141 - 142 - 145 - 146 - 149,227593.2,29.9,19630,20904,8.67,Cost: 19630 & Capacity: 20904
2 - 3 - 7 - 9 - 10 - 14 - 15 - 17 - 20 - 24 - 25 - 27 - 28 - 29 - 30 - 32 - 33 - 38 - 44 - 45 - 47 - 52 - 54 - 56 - 57 - 58 - 60 - 61 - 64 - 65 - 69 - 71 - 75 - 77 - 81 - 82 - 84 - 89 - 91 - 93 - 94 - 97 - 100 - 106 - 108 - 109 - 110 - 112 - 119 - 120 - 122 - 128 - 129 - 131 - 132 - 133 - 134 - 136 - 137 - 140 - 141 - 142 - 145 - 146 - 149,227593.2,29.9,19630,20904,8.68,Cost: 19630 & Capacity: 20904
2 - 7 - 9 - 10 - 14 - 15 - 17 - 20 - 24 - 25 - 27 - 29 - 30 - 32 - 33 - 38 - 44 - 45 - 47 - 52 - 54 - 56 - 57 - 58 - 60 - 61 - 64 - 65 - 69 - 71 - 75 - 77 - 81 - 82 - 84 - 89 - 91 - 93 - 94 - 97 - 100 - 106 - 108 - 109 - 110 - 112 - 117 - 119 - 120 - 122 - 124 - 128 - 129 - 131 - 132 - 133 - 134 - 136 - 137 - 140 - 141 - 142 - 145 - 146 - 149,227134.1,29.9,19608,21402,8.73,Cost: 19608 & Capacity: 21402
2 - 7 - 9 - 10 - 14 - 15 - 17 - 20 - 24 - 25 - 27 - 29 - 30 - 32 - 33 - 38 - 44 - 45 - 47 - 52 - 54 - 56 - 57 - 58 - 60 - 61 - 64 - 65 - 69 - 71 - 75 - 77 - 81 - 82 - 84 - 89 - 91 - 93 - 94 - 97 - 100 - 106 - 108 - 109 - 110 - 112 - 117 - 119 - 120 - 122 - 124 - 128 - 129 - 131 - 132 - 133 - 134 - 136 - 137 - 140 - 141 - 142 - 145 - 146 - 149,227134.1,29.9,19608,21402,8.75,Cost: 19608 & Capacity: 21402
3 - 6 - 9 - 14 - 15 - 17 - 20 - 25 - 29 - 31 - 32 - 35 - 38 - 46 - 51 - 52 - 54 - 61 - 65 - 69 - 72 - 75 - 85 - 88 - 91 - 93 - 94 - 95 - 96 - 111 - 114 - 117 - 119 - 120 - 140 - 143,76599.8,70.2,19471,16314,8.84,Cost: 19471 & Capacity: 16314
2 - 7 - 9 - 10 - 14 - 15 - 17 - 20 - 24 - 25 - 27 - 29 - 30 - 32 - 33 - 38 - 44 - 45 - 47 - 52 - 54 - 56 - 57 - 58 - 60 - 61 - 64 - 65 - 69 - 71 - 75 - 77 - 81 - 82 - 84 - 89 - 91 - 93 - 94 - 97 - 100 - 106 - 108 - 109 - 110 - 112 - 117 - 119 - 120 - 122 - 124 - 128 - 129 - 131 - 132 - 133 - 134 - 136 - 137 - 140 - 141 - 142 - 145 - 146 - 149,227134.1,29.9,19608,21402,8.92,Cost: 19608 & Capacity: 21402
2 - 7 - 9 - 10 - 14 - 15 - 17 - 20 - 24 - 25 - 27 - 29 - 30 - 32 - 33 - 38 - 44 - 45 - 47 - 52 - 54 - 56 - 57 - 58 - 60 - 61 - 64 - 65 - 69 - 71 - 75 - 77 - 81 - 82 - 84 - 89 - 91 - 93 - 94 - 97 - 100 - 106 - 108 - 109 - 110 - 112 - 117 - 119 - 120 - 122 - 124 - 128 - 129 - 131 - 132 - 133 - 134 - 136 - 137 - 140 - 141 - 142 - 145 - 146 - 149,227134.1,29.9,19608,21402,8.92,Cost: 19608 & Capacity: 21402
2 - 3 - 7 - 9 - 10 - 14 - 15 - 17 - 20 - 24 - 25 - 27 - 28 - 29 - 30 - 32 - 33 - 38 - 44 - 45 - 47 - 52 - 54 - 56 - 57 - 58 - 60 - 61 - 64 - 65 - 69 - 71 - 75 - 77 - 81 - 82 - 84 - 89 - 91 - 93 - 94 - 97 - 100 - 106 - 108 - 109 - 110 - 112 - 119 - 120 - 122 - 128 - 129 - 131 - 132 - 133 - 134 - 136 - 137 - 140 - 141 - 142 - 145 - 146 - 149,227593.2,29.9,19630,20904,9.03,Cost: 19630 & Capacity: 20904
2 - 7 - 9 - 10 - 14 - 15 - 17 - 20 - 24 - 25 - 27 - 29 - 30 - 32 - 33 - 38 - 44 - 45 - 47 - 52 - 54 - 56 - 57 - 58 - 60 - 61 - 64 - 65 - 69 - 71 - 75 - 77 - 81 - 82 - 84 - 89 - 91 - 93 - 94 - 97 - 100 - 106 - 108 - 109 - 110 - 112 - 117 - 119 - 120 - 122 - 124 - 128 - 129 - 131 - 132 - 133 - 134 - 136 - 137 - 140 - 141 - 142 - 145 - 146 - 149,227134.1,29.9,19608,21402,9.03,Cost: 19608 & Capacity: 21402
2 - 7 - 9 - 10 - 14 - 15 - 17 - 20 - 24 - 25 - 27 - 29 - 30 - 32 - 33 - 38 - 44 - 45 - 47 - 52 - 54 - 56 - 57 - 58 - 60 - 61 - 64 - 65 - 69 - 71 - 75 - 77 - 81 - 82 - 84 - 89 - 91 - 93 - 94 - 97 - 100 - 106 - 108 - 109 - 110 - 112 - 117 - 119 - 120 - 122 - 124 - 128 - 129 - 131 - 132 - 133 - 134 - 136 - 137 - 140 - 141 - 142 - 145 - 146 - 149,227134.1,29.9,19608,21402,9.07,Cost: 19608 & Capacity: 21402
2 - 7 - 9 - 10 - 14 - 15 - 17 - 20 - 24 - 25 - 27 - 29 - 30 - 32 - 33 - 38 - 44 - 45 - 47 - 52 - 54 - 56 - 57 - 58 - 60 - 61 - 64 - 65 - 69 - 71 - 75 - 77 - 81 - 82 - 84 - 89 - 91 - 93 - 94 - 97 - 100 - 106 - 108 - 109 - 110 - 112 - 117 - 119 - 120 - 122 - 124 - 128 - 129 - 131 - 132 - 133 - 134 - 136 - 137 - 140 - 141 - 142 - 145 - 146 - 149,227134.1,29.9,19608,21402,9.27,Cost: 19608 & Capacity: 21402
2 - 7 - 9 - 10 - 14 - 15 - 17 - 20 - 24 - 25 - 27 - 29 - 30 - 32 - 33 - 38 - 44 - 45 - 47 - 52 - 54 - 56 - 57 - 58 - 60 - 61 - 64 - 65 - 69 - 71 - 75 - 77 - 81 - 82 - 84 - 89 - 91 - 93 - 94 - 97 - 100 - 106 - 108 - 109 - 110 - 112 - 117 - 119 - 120 - 122 - 124 - 128 - 129 - 131 - 132 - 133 - 134 - 136 - 137 - 140 - 141 - 142 - 145 - 146 - 149,227134.1,29.9,19608,21402,9.29,Cost: 19608 & Capacity: 21402
6 - 15 - 20 - 23 - 29 - 41 - 43 - 44 - 51 - 52 - 61 - 69 - 72 - 75 - 85 - 87 - 91 - 93 - 95 - 102 - 114 - 120 - 127 - 128 - 129 - 132 - 135 - 147,45635.3,75.1,19614,16095,9.39,Cost: 19614 & Capacity: 16095
2 - 7 - 9 - 10 - 14 - 15 - 17 - 20 - 24 - 25 - 27 - 29 - 30 - 32 - 33 - 38 - 44 - 45 - 47 - 52 - 54 - 56 - 57 - 58 - 60 - 61 - 64 - 65 - 69 - 71 - 75 - 77 - 81 - 82 - 84 - 89 - 91 - 93 - 94 - 97 - 100 - 106 - 108 - 109 - 110 - 112 - 117 - 119 - 120 - 122 - 124 - 128 - 129 - 131 - 132 - 133 - 134 - 136 - 137 - 140 - 141 - 142 - 145 - 146 - 149,227134.1,29.9,19608,21402,9.41,Cost: 19608 & Capacity: 21402
2 - 7 - 9 - 10 - 14 - 15 - 17 - 20 - 24 - 25 - 27 - 29 - 30 - 32 - 33 - 38 - 44 - 45 - 47 - 52 - 54 - 56 - 57 - 58 - 60 - 61 - 64 - 65 - 69 - 71 - 75 - 77 - 81 - 82 - 84 - 89 - 91 - 93 - 94 - 97 - 100 - 106 - 108 - 109 - 110 - 112 - 117 - 119 - 120 - 122 - 124 - 128 - 129 - 131 - 132 - 133 - 134 - 136 - 137 - 140 - 141 - 142 - 145 - 146 - 149,227134.1,29.9,19608,21402,9.51,Cost: 19608 & Capacity: 21402
2 - 7 - 9 - 10 - 14 - 15 - 17 - 20 - 24 - 25 - 27 - 29 - 30 - 32 - 33 - 38 - 44 - 45 - 47 - 52 - 54 - 56 - 57 - 58 - 60 - 61 - 64 - 65 - 69 - 71 - 75 - 77 - 81 - 82 - 84 - 89 - 91 - 93 - 94 - 97 - 100 - 106 - 108 - 109 - 110 - 112 - 117 - 119 - 120 - 122 - 124 - 128 - 129 - 131 - 132 - 133 - 134 - 136 - 137 - 140 - 141 - 142 - 145 - 146 - 149,227134.1,29.9,19608,21402,9.51,Cost: 19608 & Capacity: 21402
2 - 7 - 9 - 10 - 14 - 15 - 17 - 20 - 24 - 25 - 27 - 29 - 30 - 32 - 33 - 38 - 44 - 45 - 47 - 52 - 54 - 56 - 57 - 58 - 60 - 61 - 64 - 65 - 69 - 71 - 75 - 77 - 81 - 82 - 84 - 89 - 91 - 93 - 94 - 97 - 100 - 106 - 108 - 109 - 110 - 112 - 117 - 119 - 120 - 122 - 124 - 128 - 129 - 131 - 132 - 133 - 134 - 136 - 137 - 140 - 141 - 142 - 145 - 146 - 149,227134.1,29.9,19608,21402,9.77,Cost: 19608 & Capacity: 21402
2 - 3 - 6 - 7 - 9 - 12 - 14 - 20 - 29 - 30 - 31 - 38 - 40 - 45 - 46 - 47 - 54 - 56 - 57 - 58 - 65 - 69 - 71 - 72 - 75 - 77 - 91 - 93 - 94 - 97 - 105 - 106 - 107 - 108 - 109 - 112 - 114 - 115 - 119 - 120 - 122 - 128 - 131 - 132 - 134 - 140 - 141 - 142 - 145 - 149,139197.4,56.1,19535,18254,9.79,Cost: 19535 & Capacity: 18254
2 - 7 - 9 - 10 - 14 - 15 - 17 - 20 - 24 - 25 - 27 - 28 - 29 - 30 - 32 - 33 - 38 - 44 - 45 - 46 - 47 - 52 - 54 - 56 - 57 - 58 - 60 - 61 - 64 - 65 - 69 - 71 - 75 - 77 - 82 - 84 - 89 - 91 - 93 - 94 - 97 - 100 - 106 - 108 - 109 - 110 - 112 - 119 - 120 - 122 - 124 - 128 - 129 - 131 - 132 - 133 - 134 - 136 - 137 - 140 - 141 - 142 - 145 - 146 - 149,227450.9,29.9,19641,20690,9.81,Cost: 19641 & Capacity: 20690
2 - 7 - 9 - 10 - 14 - 15 - 17 - 20 - 24 - 25 - 27 - 29 - 30 - 32 - 33 - 38 - 44 - 45 - 47 - 52 - 54 - 56 - 57 - 58 - 60 - 61 - 64 - 65 - 69 - 71 - 75 - 77 - 81 - 82 - 84 - 89 - 91 - 93 - 94 - 97 - 100 - 106 - 108 - 109 - 110 - 112 - 117 - 119 - 120 - 122 - 124 - 128 - 129 - 131 - 132 - 133 - 134 - 136 - 137 - 140 - 141 - 142 - 145 - 146 - 149,227134.1,29.9,19608,21402,9.81,Cost: 19608 & Capacity: 21402
2 - 7 - 9 - 10 - 14 - 15 - 17 - 20 - 24 - 25 - 27 - 28 - 29 - 30 - 32 - 33 - 38 - 44 - 45 - 46 - 47 - 52 - 54 - 56 - 57 - 58 - 60 - 61 - 64 - 65 - 69 - 71 - 75 - 77 - 82 - 84 - 89 - 91 - 93 - 94 - 97 - 100 - 106 - 108 - 109 - 110 - 112 - 119 - 120 - 122 - 124 - 128 - 129 - 131 - 132 - 133 - 134 - 136 - 137 - 140 - 141 - 142 - 145 - 146 - 149,227450.9,29.9,19641,20690,9.89,Cost: 19641 & Capacity: 20690
2 - 7 - 9 - 10 - 14 - 15 - 17 - 20 - 21 - 24 - 25 - 27 - 28 - 29 - 30 - 32 - 33 - 38 - 44 - 45 - 47 - 52 - 54 - 56 - 57 - 58 - 60 - 61 - 64 - 65 - 69 - 71 - 75 - 77 - 81 - 82 - 84 - 89 - 91 - 93 - 94 - 97 - 100 - 106 - 108 - 109 - 112 - 119 - 120 - 122 - 124 - 128 - 129 - 131 - 132 - 133 - 134 - 136 - 137 - 140 - 141 - 142 - 145 - 146 - 149,226525.3,29.9,19630,21221,9.89,Cost: 19630 & Capacity: 21221
2 - 7 - 9 - 10 - 14 - 15 - 17 - 20 - 24 - 25 - 27 - 29 - 30 - 32 - 33 - 38 - 44 - 45 - 47 - 52 - 54 - 56 - 57 - 58 - 60 - 61 - 64 - 65 - 69 - 71 - 75 - 77 - 81 - 82 - 84 - 89 - 91 - 93 - 94 - 97 - 100 - 106 - 108 - 109 - 110 - 112 - 117 - 119 - 120 - 122 - 124 - 128 - 129 - 131 - 132 - 133 - 134 - 136 - 137 - 140 - 141 - 142 - 145 - 146 - 149,227134.1,29.9,19608,21402,9.99,Cost: 19608 & Capacity: 21402
3 - 13 - 14 - 15 - 20 - 23 - 27 - 29 - 47 - 52 - 61 - 69 - 70 - 85 - 87 - 88 - 91 - 93 - 95 - 96 - 98 - 100 - 102 - 117 - 122 - 124 - 140 - 142 - 144 - 148,51796.4,73.4,19149,15991,10.03,Cost: 19149 & Capacity: 15991
2 - 7 - 9 - 10 - 14 - 15 - 17 - 20 - 24 - 25 - 27 - 29 - 30 - 32 - 33 - 38 - 44 - 45 - 47 - 52 - 54 - 56 - 57 - 58 - 60 - 61 - 64 - 65 - 69 - 71 - 75 - 77 - 81 - 82 - 84 - 89 - 91 - 93 - 94 - 97 - 100 - 106 - 108 - 109 - 110 - 112 - 117 - 119 - 120 - 122 - 124 - 128 - 129 - 131 - 132 - 133 - 134 - 136 - 137 - 140 - 141 - 142 - 145 - 146 - 149,227134.1,29.9,19608,21402,10.13,Cost: 19608 & Capacity: 21402
2 - 7 - 9 - 10 - 14 - 15 - 17 - 20 - 24 - 25 - 27 - 29 - 30 - 32 - 33 - 38 - 44 - 45 - 47 - 52 - 54 - 56 - 57 - 58 - 60 - 61 - 64 - 65 - 69 - 71 - 75 - 77 - 81 - 82 - 84 - 89 - 91 - 93 - 94 - 97 - 100 - 106 - 108 - 109 - 110 - 112 - 117 - 119 - 120 - 122 - 124 - 128 - 129 - 131 - 132 - 133 - 134 - 136 - 137 - 140 - 141 - 142 - 145 - 146 - 149,227134.1,29.9,19608,21402,10.15,Cost: 19608 & Capacity: 21402
2 - 7 - 9 - 10 - 14 - 15 - 17 - 20 - 24 - 25 - 27 - 28 - 29 - 30 - 32 - 33 - 38 - 44 - 45 - 46 - 47 - 52 - 54 - 56 - 57 - 58 - 60 - 61 - 64 - 65 - 69 - 71 - 75 - 77 - 82 - 84 - 89 - 91 - 93 - 94 - 97 - 100 - 106 - 108 - 109 - 110 - 112 - 119 - 120 - 122 - 124 - 128 - 129 - 131 - 132 - 133 - 134 - 136 - 137 - 140 - 141 - 142 - 145 - 146 - 149,227450.9,29.9,19641,20690,10.15,Cost: 19641 & Capacity: 20690
2 - 7 - 9 - 10 - 14 - 15 - 17 - 20 - 24 - 25 - 27 - 29 - 30 - 32 - 33 - 38 - 44 - 45 - 47 - 52 - 54 - 56 - 57 - 58 - 60 - 61 - 64 - 65 - 69 - 71 - 75 - 77 - 81 - 82 - 84 - 89 - 91 - 93 - 94 - 97 - 100 - 106 - 108 - 109 - 110 - 112 - 117 - 119 - 120 - 122 - 124 - 128 - 129 - 131 - 132 - 133 - 134 - 136 - 137 - 140 - 141 - 142 - 145 - 146 - 149,227134.1,29.9,19608,21402,10.36,Cost: 19608 & Capacity: 21402
2 - 7 - 9 - 10 - 14 - 15 - 17 - 20 - 24 - 25 - 27 - 29 - 30 - 32 - 33 - 38 - 44 - 45 - 47 - 52 - 54 - 56 - 57 - 58 - 60 - 61 - 64 - 65 - 69 - 71 - 75 - 77 - 81 - 82 - 84 - 89 - 91 - 93 - 94 - 97 - 100 - 106 - 108 - 109 - 110 - 112 - 117 - 119 - 120 - 122 - 124 - 128 - 129 - 131 - 132 - 133 - 134 - 136 - 137 - 140 - 141 - 142 - 145 - 146 - 149,227134.1,29.9,19608,21402,10.37,Cost: 19608 & Capacity: 21402
2 - 7 - 9 - 10 - 14 - 15 - 17 - 20 - 24 - 25 - 29 - 30 - 32 - 33 - 38 - 44 - 45 - 46 - 47 - 52 - 54 - 56 - 57 - 58 - 60 - 61 - 64 - 65 - 69 - 71 - 75 - 77 - 81 - 82 - 84 - 89 - 91 - 93 - 94 - 97 - 100 - 106 - 108 - 109 - 110 - 112 - 117 - 119 - 120 - 122 - 124 - 128 - 129 - 131 - 132 - 133 - 134 - 136 - 137 - 140 - 141 - 142 - 145 - 146 - 149,227426.7,29.9,19645,21250,10.59,Cost: 19645 & Capacity: 21250
2 - 3 - 7 - 9 - 10 - 14 - 15 - 17 - 20 - 24 - 25 - 27 - 28 - 29 - 30 - 32 - 33 - 38 - 44 - 45 - 47 - 52 - 54 - 56 - 57 - 58 - 60 - 61 - 64 - 65 - 69 - 71 - 75 - 77 - 81 - 82 - 84 - 89 - 91 - 93 - 94 - 97 - 100 - 106 - 108 - 109 - 110 - 112 - 119 - 120 - 122 - 124 - 128 - 131 - 132 - 133 - 134 - 136 - 137 - 140 - 141 - 142 - 145 - 146 - 149,227226.9,29.9,19641,21126,10.62,Cost: 19641 & Capacity: 21126
2 - 7 - 9 - 10 - 14 - 15 - 17 - 20 - 24 - 25 - 27 - 29 - 30 - 32 - 33 - 38 - 44 - 45 - 47 - 52 - 54 - 56 - 57 - 58 - 60 - 61 - 64 - 65 - 69 - 71 - 75 - 77 - 81 - 82 - 84 - 89 - 91 - 93 - 94 - 97 - 100 - 106 - 108 - 109 - 110 - 112 - 117 - 119 - 120 - 122 - 124 - 128 - 129 - 131 - 132 - 133 - 134 - 136 - 137 - 140 - 141 - 142 - 145 - 146 - 149,227134.1,29.9,19608,21402,10.63,Cost: 19608 & Capacity: 21402
2 - 7 - 9 - 10 - 14 - 15 - 17 - 20 - 24 - 25 - 27 - 29 - 30 - 32 - 33 - 38 - 44 - 45 - 47 - 52 - 54 - 56 - 57 - 58 - 60 - 61 - 64 - 65 - 69 - 71 - 75 - 77 - 81 - 82 - 84 - 89 - 91 - 93 - 94 - 97 - 100 - 106 - 108 - 109 - 110 - 112 - 117 - 119 - 120 - 122 - 124 - 128 - 129 - 131 - 132 - 133 - 134 - 136 - 137 - 140 - 141 - 142 - 145 - 146 - 149,227134.1,29.9,19608,21402,10.64,Cost: 19608 & Capacity: 21402
2 - 7 - 9 - 10 - 14 - 15 - 17 - 20 - 24 - 25 - 27 - 29 - 30 - 32 - 33 - 38 - 44 - 45 - 47 - 52 - 54 - 56 - 57 - 58 - 60 - 61 - 64 - 65 - 69 - 71 - 75 - 77 - 81 - 82 - 84 - 89 - 91 - 93 - 94 - 97 - 100 - 106 - 108 - 109 - 110 - 112 - 117 - 119 - 120 - 122 - 124 - 128 - 129 - 131 - 132 - 133 - 134 - 136 - 137 - 140 - 141 - 142 - 145 - 146 - 149,227134.1,29.9,19608,21402,10.64,Cost: 19608 & Capacity: 21402
2 - 3 - 7 - 9 - 10 - 14 - 15 - 17 - 20 - 24 - 25 - 27 - 28 - 29 - 30 - 32 - 33 - 38 - 44 - 45 - 47 - 52 - 54 - 56 - 57 - 58 - 60 - 61 - 64 - 65 - 69 - 71 - 75 - 77 - 81 - 82 - 84 - 89 - 91 - 93 - 94 - 97 - 100 - 106 - 108 - 109 - 110 - 112 - 119 - 120 - 122 - 124 - 128 - 131 - 132 - 133 - 134 - 136 - 137 - 140 - 141 - 142 - 145 - 146 - 149,227226.9,29.9,19641,21126,10.88,Cost: 19641 & Capacity: 21126
2 - 7 - 9 - 10 - 14 - 15 - 17 - 20 - 24 - 25 - 27 - 29 - 30 - 32 - 33 - 38 - 44 - 45 - 47 - 52 - 54 - 56 - 57 - 58 - 60 - 61 - 64 - 65 - 69 - 71 - 75 - 77 - 81 - 82 - 84 - 89 - 91 - 93 - 94 - 97 - 100 - 106 - 108 - 109 - 110 - 112 - 117 - 119 - 120 - 122 - 124 - 128 - 129 - 131 - 132 - 133 - 134 - 136 - 137 - 140 - 141 - 142 - 145 - 146 - 149,227134.1,29.9,19608,21402,10.89,Cost: 19608 & Capacity: 21402
2 - 7 - 9 - 10 - 14 - 15 - 17 - 20 - 24 - 25 - 27 - 29 - 30 - 32 - 33 - 38 - 44 - 45 - 47 - 52 - 54 - 56 - 57 - 58 - 60 - 61 - 64 - 65 - 69 - 71 - 75 - 77 - 81 - 82 - 84 - 89 - 91 - 93 - 94 - 97 - 100 - 106 - 108 - 109 - 110 - 112 - 117 - 119 - 120 - 122 - 124 - 128 - 129 - 131 - 132 - 133 - 134 - 136 - 137 - 140 - 141 - 142 - 145 - 146 - 149,227134.1,29.9,19608,21402,11.05,Cost: 19608 & Capacity: 21402
2 - 7 - 9 - 10 - 14 - 15 - 17 - 20 - 24 - 25 - 27 - 29 - 30 - 32 - 33 - 38 - 44 - 45 - 47 - 52 - 54 - 56 - 57 - 58 - 60 - 61 - 64 - 65 - 69 - 71 - 75 - 77 - 81 - 82 - 84 - 89 - 91 - 93 - 94 - 97 - 100 - 106 - 108 - 109 - 110 - 112 - 117 - 119 - 120 - 122 - 124 - 128 - 129 - 131 - 132 - 133 - 134 - 136 - 137 - 140 - 141 - 142 - 145 - 146 - 149,227134.1,29.9,19608,21402,11.05,Cost: 19608 & Capacity: 21402
2 - 7 - 9 - 10 - 14 - 15 - 17 - 20 - 24 - 25 - 27 - 29 - 30 - 32 - 33 - 38 - 44 - 45 - 47 - 52 - 54 - 56 - 57 - 58 - 60 - 61 - 64 - 65 - 69 - 71 - 75 - 77 - 81 - 82 - 84 - 89 - 91 - 93 - 94 - 97 - 100 - 106 - 108 - 109 - 110 - 112 - 117 - 119 - 120 - 122 - 124 - 128 - 129 - 131 - 132 - 133 - 134 - 136 - 137 - 140 - 141 - 142 - 145 - 146 - 149,227134.1,29.9,19608,21402,11.09,Cost: 19608 & Capacity: 21402
