Solution,MaxSum,MaxMin,Cost,Capacity
6 - 10 - 11 - 12 - 17 - 18 - 19 - 20 - 21 - 23 - 24 - 25 - 26 - 27 - 28 - 30 - 31 - 32 - 33 - 34 - 35 - 39 - 40 - 43 - 44 - 46 - 50 - 52 - 53 - 54 - 57 - 58 - 60 - 61 - 67 - 68 - 70 - 72 - 74 - 76 - 79 - 80 - 81 - 82 - 83 - 86 - 87 - 90 - 93 - 95 - 99 - 100 - 102 - 104 - 105 - 106 - 111 - 112 - 114 - 117 - 118 - 119 - 129 - 132 - 134 - 135 - 136 - 138 - 141 - 142 - 143 - 147 - 150,489844.6,125.6,30827.0,29965.0
6 - 10 - 11 - 12 - 17 - 18 - 19 - 20 - 21 - 23 - 24 - 25 - 26 - 27 - 28 - 30 - 31 - 32 - 33 - 34 - 35 - 39 - 43 - 44 - 46 - 52 - 53 - 54 - 57 - 58 - 60 - 61 - 67 - 68 - 69 - 70 - 72 - 74 - 76 - 78 - 79 - 80 - 81 - 82 - 83 - 86 - 87 - 90 - 93 - 95 - 99 - 100 - 102 - 104 - 105 - 106 - 111 - 112 - 113 - 114 - 117 - 118 - 119 - 129 - 132 - 133 - 134 - 135 - 136 - 138 - 140 - 141 - 142 - 143 - 150,517385.9,124.3,30802.0,29822.0
6 - 10 - 11 - 12 - 17 - 18 - 19 - 20 - 21 - 23 - 24 - 25 - 26 - 27 - 28 - 30 - 31 - 32 - 33 - 34 - 35 - 39 - 43 - 44 - 46 - 52 - 53 - 54 - 57 - 58 - 60 - 61 - 67 - 68 - 69 - 70 - 72 - 74 - 76 - 78 - 79 - 80 - 81 - 82 - 83 - 86 - 87 - 90 - 93 - 95 - 99 - 100 - 102 - 104 - 105 - 106 - 109 - 111 - 112 - 113 - 114 - 117 - 118 - 119 - 129 - 132 - 134 - 135 - 136 - 138 - 140 - 141 - 142 - 143 - 144 - 145 - 150,543828.1,121.2,30827.0,30626.0
6 - 10 - 11 - 12 - 17 - 18 - 19 - 20 - 21 - 23 - 24 - 25 - 26 - 27 - 28 - 30 - 31 - 32 - 33 - 35 - 39 - 43 - 44 - 46 - 49 - 52 - 53 - 54 - 57 - 58 - 60 - 61 - 67 - 68 - 69 - 70 - 72 - 74 - 76 - 78 - 79 - 80 - 81 - 82 - 83 - 86 - 87 - 90 - 93 - 95 - 99 - 100 - 102 - 104 - 105 - 106 - 109 - 111 - 112 - 113 - 114 - 117 - 118 - 119 - 129 - 132 - 134 - 135 - 136 - 138 - 140 - 141 - 142 - 143 - 144 - 145 - 150,544583.8,120.6,30768.0,31087.0
6 - 10 - 11 - 12 - 17 - 18 - 19 - 20 - 21 - 23 - 24 - 25 - 26 - 27 - 28 - 30 - 31 - 32 - 33 - 34 - 35 - 39 - 43 - 44 - 45 - 46 - 52 - 53 - 54 - 57 - 58 - 60 - 67 - 69 - 70 - 72 - 74 - 76 - 78 - 79 - 80 - 81 - 82 - 83 - 86 - 87 - 90 - 93 - 95 - 99 - 100 - 102 - 104 - 105 - 106 - 111 - 112 - 113 - 114 - 117 - 118 - 119 - 129 - 132 - 133 - 134 - 135 - 136 - 138 - 140 - 141 - 142 - 143 - 150,504384.1,125.4,30603.0,29194.0
6 - 10 - 11 - 12 - 18 - 19 - 20 - 21 - 23 - 24 - 25 - 26 - 27 - 28 - 29 - 30 - 31 - 32 - 33 - 34 - 35 - 39 - 43 - 44 - 45 - 46 - 52 - 53 - 54 - 57 - 58 - 60 - 61 - 67 - 70 - 72 - 74 - 76 - 77 - 78 - 79 - 80 - 81 - 82 - 83 - 86 - 87 - 90 - 93 - 95 - 99 - 100 - 102 - 104 - 105 - 106 - 109 - 111 - 112 - 113 - 114 - 117 - 118 - 119 - 129 - 132 - 134 - 135 - 136 - 138 - 140 - 141 - 142 - 143 - 144 - 145 - 150,544939.8,119.8,30817.0,29900.0
6 - 10 - 11 - 12 - 17 - 18 - 19 - 20 - 21 - 23 - 24 - 25 - 26 - 27 - 28 - 30 - 31 - 32 - 33 - 34 - 35 - 39 - 43 - 44 - 45 - 46 - 52 - 53 - 54 - 57 - 58 - 60 - 61 - 67 - 69 - 70 - 72 - 74 - 76 - 78 - 79 - 80 - 81 - 82 - 83 - 86 - 87 - 90 - 93 - 95 - 99 - 100 - 102 - 104 - 105 - 106 - 109 - 111 - 112 - 113 - 114 - 117 - 118 - 119 - 129 - 132 - 134 - 135 - 136 - 138 - 140 - 141 - 142 - 143 - 144 - 150,530918.8,123.5,30795.0,30261.0
2 - 6 - 7 - 10 - 11 - 12 - 18 - 19 - 20 - 21 - 23 - 24 - 25 - 26 - 27 - 28 - 29 - 30 - 31 - 32 - 33 - 35 - 39 - 43 - 44 - 45 - 46 - 49 - 52 - 53 - 54 - 57 - 58 - 60 - 61 - 67 - 69 - 70 - 72 - 74 - 76 - 77 - 78 - 79 - 80 - 81 - 82 - 83 - 86 - 87 - 90 - 93 - 95 - 99 - 100 - 102 - 104 - 105 - 106 - 111 - 112 - 113 - 114 - 118 - 119 - 129 - 132 - 134 - 135 - 136 - 138 - 140 - 141 - 142 - 143 - 144 - 145 - 150,558154.0,115.2,30819.0,30138.0
6 - 10 - 11 - 12 - 17 - 18 - 20 - 21 - 23 - 24 - 26 - 27 - 28 - 30 - 31 - 32 - 33 - 34 - 39 - 43 - 44 - 45 - 46 - 52 - 53 - 54 - 57 - 58 - 60 - 61 - 67 - 68 - 70 - 72 - 74 - 76 - 79 - 80 - 81 - 82 - 83 - 86 - 87 - 90 - 93 - 95 - 99 - 100 - 102 - 104 - 105 - 106 - 107 - 111 - 112 - 114 - 118 - 119 - 129 - 132 - 133 - 134 - 135 - 136 - 138 - 141 - 142 - 143 - 147 - 150,454747.4,127.0,30806.0,29092.0
6 - 10 - 11 - 12 - 17 - 18 - 19 - 20 - 21 - 23 - 24 - 25 - 26 - 27 - 28 - 30 - 31 - 32 - 33 - 34 - 39 - 43 - 44 - 45 - 46 - 52 - 53 - 54 - 57 - 58 - 60 - 61 - 67 - 68 - 70 - 72 - 74 - 76 - 79 - 80 - 81 - 82 - 83 - 86 - 87 - 90 - 93 - 95 - 99 - 100 - 102 - 104 - 105 - 106 - 107 - 111 - 112 - 114 - 118 - 119 - 129 - 132 - 133 - 134 - 135 - 136 - 138 - 141 - 142 - 143 - 150,466231.0,126.8,30502.0,29193.0
6 - 10 - 12 - 17 - 18 - 19 - 20 - 21 - 24 - 26 - 27 - 28 - 30 - 31 - 32 - 33 - 38 - 39 - 43 - 44 - 45 - 46 - 49 - 52 - 53 - 54 - 57 - 58 - 60 - 61 - 67 - 70 - 72 - 74 - 76 - 79 - 80 - 82 - 83 - 86 - 87 - 90 - 91 - 93 - 95 - 99 - 100 - 102 - 104 - 105 - 106 - 111 - 112 - 114 - 118 - 119 - 124 - 129 - 132 - 133 - 134 - 135 - 136 - 138 - 141 - 142 - 143 - 150,431147.5,129.3,30590.0,28979.0
6 - 10 - 12 - 17 - 18 - 19 - 20 - 21 - 24 - 26 - 27 - 28 - 30 - 31 - 32 - 33 - 38 - 39 - 43 - 44 - 45 - 46 - 49 - 52 - 53 - 54 - 57 - 58 - 60 - 61 - 67 - 70 - 74 - 76 - 79 - 80 - 82 - 83 - 86 - 87 - 90 - 93 - 95 - 99 - 100 - 102 - 104 - 105 - 106 - 107 - 112 - 114 - 118 - 119 - 124 - 129 - 132 - 133 - 134 - 135 - 136 - 138 - 141 - 142 - 143 - 147 - 150,418787.6,129.8,30742.0,29250.0
6 - 10 - 11 - 12 - 17 - 18 - 19 - 20 - 21 - 23 - 24 - 26 - 27 - 28 - 30 - 31 - 32 - 33 - 34 - 39 - 43 - 44 - 45 - 46 - 52 - 53 - 54 - 57 - 58 - 60 - 61 - 67 - 68 - 70 - 72 - 74 - 76 - 79 - 80 - 82 - 83 - 86 - 87 - 90 - 93 - 95 - 99 - 100 - 102 - 104 - 105 - 106 - 107 - 111 - 112 - 114 - 118 - 119 - 125 - 129 - 132 - 133 - 134 - 135 - 136 - 138 - 141 - 142 - 143 - 150,454313.1,127.4,30789.0,29180.0
10 - 12 - 17 - 18 - 19 - 20 - 21 - 24 - 26 - 27 - 28 - 30 - 31 - 32 - 33 - 37 - 39 - 43 - 44 - 45 - 46 - 52 - 53 - 54 - 57 - 58 - 60 - 61 - 66 - 67 - 70 - 72 - 74 - 76 - 79 - 80 - 82 - 83 - 86 - 87 - 90 - 93 - 95 - 99 - 100 - 102 - 104 - 105 - 106 - 107 - 112 - 114 - 118 - 119 - 124 - 129 - 132 - 133 - 134 - 135 - 136 - 138 - 141 - 142 - 143 - 150,406210.5,130.4,30456.0,28522.0
6 - 7 - 10 - 11 - 12 - 18 - 19 - 20 - 21 - 23 - 24 - 25 - 26 - 27 - 28 - 29 - 30 - 31 - 32 - 33 - 35 - 39 - 43 - 44 - 46 - 49 - 52 - 53 - 54 - 57 - 58 - 60 - 61 - 66 - 67 - 69 - 70 - 72 - 74 - 76 - 77 - 78 - 79 - 80 - 82 - 83 - 86 - 87 - 90 - 93 - 95 - 99 - 100 - 102 - 104 - 105 - 106 - 109 - 111 - 112 - 113 - 114 - 116 - 118 - 119 - 129 - 132 - 134 - 135 - 136 - 138 - 140 - 141 - 142 - 143 - 144 - 145 - 150,558548.5,115.0,30703.0,30520.0
6 - 10 - 12 - 17 - 18 - 19 - 20 - 21 - 24 - 26 - 27 - 28 - 30 - 31 - 32 - 33 - 37 - 39 - 43 - 44 - 45 - 46 - 52 - 53 - 54 - 57 - 58 - 60 - 61 - 66 - 67 - 70 - 72 - 74 - 76 - 79 - 80 - 82 - 83 - 86 - 87 - 90 - 93 - 95 - 99 - 100 - 102 - 104 - 105 - 106 - 107 - 112 - 114 - 118 - 119 - 124 - 129 - 132 - 133 - 134 - 135 - 136 - 138 - 141 - 142 - 143 - 150,418432.6,129.9,30631.0,28621.0
2 - 6 - 7 - 10 - 11 - 12 - 14 - 15 - 18 - 19 - 20 - 21 - 23 - 24 - 25 - 26 - 27 - 28 - 29 - 30 - 31 - 32 - 35 - 39 - 43 - 44 - 46 - 48 - 52 - 53 - 54 - 57 - 58 - 60 - 61 - 67 - 69 - 70 - 72 - 74 - 76 - 77 - 78 - 79 - 80 - 82 - 83 - 86 - 87 - 90 - 93 - 95 - 99 - 100 - 102 - 104 - 105 - 106 - 109 - 111 - 112 - 113 - 114 - 116 - 118 - 119 - 129 - 131 - 132 - 134 - 135 - 136 - 138 - 140 - 141 - 142 - 143 - 144 - 145 - 149 - 150,597653.0,112.1,30823.0,30708.0
10 - 12 - 17 - 18 - 19 - 20 - 21 - 24 - 26 - 27 - 28 - 30 - 31 - 32 - 37 - 39 - 43 - 44 - 45 - 46 - 52 - 53 - 54 - 57 - 58 - 60 - 61 - 66 - 67 - 68 - 70 - 72 - 74 - 76 - 79 - 80 - 82 - 83 - 86 - 87 - 90 - 93 - 95 - 99 - 102 - 104 - 105 - 106 - 107 - 112 - 114 - 118 - 119 - 124 - 129 - 132 - 133 - 135 - 136 - 138 - 141 - 142 - 143 - 150,382572.7,133.2,30077.0,28170.0
6 - 10 - 11 - 12 - 17 - 18 - 19 - 20 - 21 - 23 - 24 - 25 - 26 - 27 - 28 - 30 - 31 - 32 - 33 - 34 - 35 - 39 - 43 - 44 - 45 - 46 - 52 - 53 - 54 - 57 - 58 - 60 - 61 - 67 - 70 - 72 - 74 - 76 - 79 - 80 - 82 - 83 - 86 - 87 - 90 - 93 - 95 - 99 - 100 - 102 - 104 - 105 - 106 - 107 - 111 - 112 - 114 - 117 - 118 - 119 - 129 - 132 - 133 - 134 - 135 - 136 - 138 - 141 - 142 - 143 - 147 - 150,478854.7,125.8,30663.0,29084.0
2 - 6 - 7 - 10 - 11 - 12 - 15 - 18 - 19 - 20 - 21 - 23 - 24 - 25 - 26 - 27 - 28 - 30 - 31 - 32 - 33 - 35 - 39 - 43 - 44 - 46 - 52 - 53 - 54 - 57 - 58 - 60 - 61 - 67 - 69 - 70 - 72 - 74 - 76 - 77 - 78 - 79 - 81 - 82 - 83 - 86 - 87 - 90 - 93 - 95 - 98 - 99 - 100 - 102 - 104 - 105 - 106 - 109 - 111 - 112 - 113 - 114 - 116 - 118 - 119 - 129 - 131 - 132 - 134 - 135 - 136 - 138 - 140 - 141 - 142 - 143 - 144 - 145 - 149 - 150,583687.5,113.3,30796.0,31337.0
10 - 12 - 17 - 18 - 19 - 20 - 21 - 24 - 26 - 27 - 28 - 30 - 32 - 33 - 37 - 39 - 43 - 44 - 45 - 46 - 52 - 53 - 54 - 57 - 58 - 60 - 61 - 66 - 67 - 70 - 72 - 74 - 76 - 79 - 80 - 82 - 83 - 86 - 87 - 90 - 93 - 95 - 99 - 100 - 102 - 104 - 105 - 106 - 107 - 112 - 114 - 118 - 119 - 124 - 129 - 132 - 133 - 134 - 135 - 136 - 138 - 141 - 142 - 143 - 150,394445.1,131.5,30227.0,28248.0
2 - 6 - 7 - 10 - 11 - 12 - 15 - 18 - 19 - 20 - 21 - 23 - 24 - 25 - 26 - 27 - 28 - 30 - 31 - 32 - 35 - 39 - 43 - 44 - 45 - 46 - 49 - 52 - 53 - 54 - 57 - 58 - 60 - 61 - 67 - 70 - 72 - 74 - 76 - 77 - 78 - 79 - 80 - 81 - 82 - 83 - 86 - 87 - 90 - 93 - 95 - 99 - 100 - 102 - 104 - 105 - 106 - 109 - 111 - 112 - 113 - 114 - 116 - 118 - 119 - 129 - 131 - 132 - 134 - 135 - 136 - 138 - 140 - 141 - 142 - 143 - 144 - 145 - 149 - 150,586847.3,112.7,30802.0,31369.0
6 - 10 - 11 - 12 - 17 - 18 - 19 - 20 - 21 - 23 - 24 - 25 - 26 - 27 - 28 - 30 - 31 - 32 - 33 - 34 - 39 - 43 - 44 - 45 - 46 - 52 - 53 - 54 - 57 - 58 - 60 - 61 - 67 - 68 - 70 - 72 - 74 - 76 - 79 - 80 - 81 - 82 - 83 - 86 - 87 - 90 - 93 - 95 - 99 - 100 - 102 - 104 - 105 - 106 - 107 - 111 - 112 - 114 - 117 - 118 - 119 - 129 - 132 - 134 - 135 - 136 - 138 - 141 - 142 - 143 - 147 - 150,478160.8,126.3,30795.0,29736.0
6 - 10 - 12 - 17 - 18 - 19 - 20 - 21 - 23 - 24 - 26 - 27 - 28 - 30 - 31 - 32 - 33 - 38 - 39 - 43 - 44 - 45 - 46 - 49 - 52 - 53 - 54 - 57 - 58 - 60 - 61 - 67 - 70 - 72 - 74 - 76 - 79 - 80 - 82 - 83 - 86 - 87 - 90 - 91 - 93 - 95 - 99 - 100 - 102 - 104 - 105 - 106 - 111 - 112 - 114 - 118 - 119 - 124 - 129 - 132 - 134 - 135 - 136 - 138 - 141 - 142 - 143 - 147 - 150,442791.0,127.5,30696.0,29230.0
6 - 10 - 11 - 12 - 17 - 18 - 19 - 20 - 21 - 23 - 24 - 25 - 26 - 27 - 28 - 30 - 31 - 32 - 33 - 34 - 35 - 39 - 43 - 44 - 45 - 46 - 50 - 52 - 53 - 54 - 57 - 58 - 60 - 67 - 69 - 70 - 72 - 74 - 76 - 79 - 80 - 82 - 83 - 86 - 87 - 90 - 93 - 95 - 99 - 100 - 102 - 104 - 105 - 106 - 107 - 111 - 112 - 113 - 114 - 117 - 118 - 119 - 129 - 132 - 134 - 135 - 136 - 138 - 140 - 141 - 142 - 143 - 147 - 150,502163.2,125.5,30424.0,29391.0
